project name,source file,matched stub file,stub coverage,source file line,stub file line,stub line rate,typed file,type related line in source,function,typed function,matched stub typed function,function typed in corresponding stub file but not matched,different function typed overload in corresponding stub,var num,typed var in source,typed var in stub,typed var num,var coverage,other assign target,other assign target(typed),name assignment,typed name assignment,typed name in stub,unmatched classes,classes in stub
django-rest-framework,72,66,0.916666667,12161,2929,0.194102054,66,0,948,660,654,14,4,1892,0,635,635,0.335623679,692,0,1892,0,635,23,236
django,842,639,0.758907363,98878,16724,0.144668777,639,0,8036,4355,4554,266,45,14933,0,4169,4169,0.279180339,5019,0,14933,0,4169,50,1528
grpc,305,0,0,36714,0,0,25,536,2795,214,0,0,0,4657,84,0,0,0,1535,0,4657,84,0,0,0
matplotlib,226,11,0.048672566,117346,39,0.00033224,11,0,7397,7,7,0,0,16540,0,1,1,6.05E-05,7814,0,16540,0,1,5,23
mypy,160,0,0,56578,0,0,144,5783,4532,4531,0,0,0,8193,0,0,0,0,2959,0,8193,0,0,0,0
numpy,446,22,0.049327354,177684,3543,0.019550067,45,185,10259,509,100,309,33,30556,51,1098,1098,0.035934023,5414,0,30556,51,1098,35,36
pandas,1129,0,0,351572,0,0,230,4437,21209,3161,0,0,0,76139,435,0,0,0,9416,42,76139,435,0,0,0
pyspark,186,79,0.424731183,69376,9774,0.12348705,81,33,5133,2955,2829,96,115,7402,0,472,472,0.06376655,1468,0,7402,0,472,0,483
returns,112,1,0.008928571,11571,123,0.010518214,90,1382,566,515,1,2,0,698,79,0,0,0,44,5,698,79,0,1,1
